{
  "target_shape": "circle",
  "reporter": "gfp",
  "best_params": {
    "K_gfp": 0.14687424703892416,
    "K_rfp": 0.7925360133656373,
    "n_gfp": 2.1995866785375076,
    "n_rfp": 1.9376809776502808,
    "alpha_gfp": 1.8479932679910913,
    "alpha_rfp": 2.2954139790010895
  },
  "final_loss": 1.6502989323232593e-11,
  "iterations": 5,
  "evaluations": 30,
  "losses": [
    2.6631512105412826e-10,
    1.6502989323232593e-11,
    5.943436584196905e-10,
    8.51199395520797e-11,
    3.908969429637745e-11
  ],
  "fixed_params": {
    "alpha_ahl": 1.0,
    "K_ahl": 0.5,
    "n_ahl": 2.0,
    "delta": 0.1,
    "D": 0.1,
    "mu": 0.01,
    "secretion_rate": 0.5
  },
  "sim_config": {
    "grid_size": 80,
    "dx": 1.0,
    "dt": 0.1,
    "n_steps": 50,
    "ahl_init": 0.0
  }
}