{
  "target_shape": "circle",
  "reporter": "gfp",
  "best_params": {
    "K_gfp": 0.10868152768147646,
    "K_rfp": 0.6739774291847285,
    "n_gfp": 3.069301275710238,
    "n_rfp": 1.0932854993378536,
    "alpha_gfp": 1.3709295905008096,
    "alpha_rfp": 2.3541148502731346
  },
  "final_loss": 2.904941375975631e-14,
  "iterations": 5,
  "evaluations": 30,
  "losses": [
    2.454580077465005e-10,
    1.8588908459691683e-12,
    1.3094552065537906e-13,
    2.904941375975631e-14,
    5.274361237329875e-14
  ],
  "fixed_params": {
    "alpha_ahl": 1.0,
    "K_ahl": 0.5,
    "n_ahl": 2.0,
    "delta": 0.1,
    "D": 0.1,
    "mu": 0.01,
    "secretion_rate": 0.5
  },
  "sim_config": {
    "grid_size": 80,
    "dx": 1.0,
    "dt": 0.1,
    "n_steps": 50
  }
}