{
  "target_shape": "circle",
  "reporter": "gfp",
  "best_params": {
    "K_gfp": 0.10001025379186604,
    "K_rfp": 1.201685667337374,
    "n_gfp": 2.560974344843591,
    "n_rfp": 2.2690888993035894,
    "alpha_gfp": 1.994321555184314,
    "alpha_rfp": 2.347801957459598
  },
  "final_loss": 3.329483687816469e-13,
  "iterations": 5,
  "evaluations": 30,
  "losses": [
    5.377252842122793e-12,
    1.342948475564989e-12,
    5.57557518643658e-12,
    4.830821053770622e-12,
    3.329483687816469e-13
  ],
  "fixed_params": {
    "alpha_ahl": 1.0,
    "K_ahl": 0.5,
    "n_ahl": 2.0,
    "delta": 0.1,
    "D": 0.1,
    "mu": 0.01,
    "secretion_rate": 0.5
  },
  "sim_config": {
    "grid_size": 80,
    "dx": 1.0,
    "dt": 0.1,
    "n_steps": 50,
    "ahl_init": 0.0,
    "fps": 10,
    "show_cell_bg": true
  }
}